Feature 1,Feature 2,Label
0.3745401188473625,0.9507143064099162,0.0
0.7319939418114051,0.5986584841970366,0.0
0.15601864044243652,0.15599452033620265,1.0
0.05808361216819946,0.8661761457749352,1.0
0.6011150117432088,0.7080725777960455,1.0
0.020584494295802447,0.9699098521619943,1.0
0.8324426408004217,0.21233911067827616,1.0
0.18182496720710062,0.18340450985343382,0.0
0.3042422429595377,0.5247564316322378,1.0
0.43194501864211576,0.2912291401980419,1.0
